Workbook

Sheet BOM-DOOR
A1: BOM - DOOR
A2: LEVEL | B2: PART NAME | C2: IMAGE | D2: MATERIAL | E2: THK | F2: QTY | G2: WEIGHT (g) | H2: TOTAL WEIGHT (g)
A3: 1 | B3: ASSY., DOOR | D3: - | E3: - | F3: - | G3: - | H3: -
A4: 2 | B4: PANEL , OUTER | D4: MJAC340H-OC-45/45 | E4: 0.6 | F4: 1 | G4: ='WEIGHT CHART'!I5 -> 4840.4925 | H4: =F4*G4 -> 4840.4925
A5: 2 | B5: ASSY., INNER | D5: - | E5: - | F5: - | G5: - | H5: -
A6: 3 | B6: PANEL, INNER | D6: MJAC270D-OC-45/45 | E6: 0.65 | F6: 1 | G6: ='WEIGHT CHART'!I6 -> 5411.8134 | H6: =F6*G6 -> 5411.8134
A7: 3 | B7: REINFORCEMENT HINGE UPR | D7: MJAC270D-OC-45/45 | E7: 1 | F7: 1 | G7: ='WEIGHT CHART'!I7 -> 296.37621 | H7: =F7*G7 -> 296.37621
A8: 3 | B8: REINFORCEMENT HINGE LWR | D8: MJAC270D-OC-45/45 | E8: 1 | F8: 1 | G8: ='WEIGHT CHART'!I8 -> 125.56153 | H8: =F8*G8 -> 125.56153
A9: 3 | B9: REINFORCEMENT LATCH | D9: MJAC270C-OC-45/45 | E9: 1 | F9: 1 | G9: ='WEIGHT CHART'!I9 -> 92.393507 | H9: =F9*G9 -> 92.393507
A10: 3 | B10: STIFFNER 1 | D10: MJAC270D-OC-45/45 | E10: 0.65 | F10: 1 | G10: ='WEIGHT CHART'!I10 -> 530.90059 | H10: =F10*G10 -> 530.90059
A11: 3 | B11: STIFFNER 2 | D11: MJAC270D-OC-45/45 | E11: 0.65 | F11: 1 | G11: ='WEIGHT CHART'!I11 -> 550.67089 | H11: =F11*G11 -> 550.67089
A12: 3 | B12: REINFORCEMENT BELTLINE | D12: MJSC270D-OC-45/45 | E12: 1.2 | F12: 1 | G12: ='WEIGHT CHART'!I12 -> 1504.7345 | H12: =F12*G12 -> 1504.7345
A13: 3 | B13: REINFORCEMENT SILL | D13: MJSC270D-OC-45/45 | E13: 1.2 | F13: 1 | G13: ='WEIGHT CHART'!I13 -> 625.50275 | H13: =F13*G13 -> 625.50275
A14: 3 | B14: ASSY, SASH FR FR | D14: - | E14: - | F14: - | G14: - | H14: -
A15: 4 | B15: SASH FR FR | D15: MJSC270D-OC | E15: 0.8 | F15: 1 | G15: ='WEIGHT CHART'!I14 -> 256.64095 | H15: =F15*G15 -> 256.64095
A16: 4 | B16: BRACKET 01 | D16: MJAC270D-OC-45/45 | E16: 1 | F16: 1 | G16: ='WEIGHT CHART'!I15 -> 34.810109 | H16: =F16*G16 -> 34.810109
A17: 4 | B17: BRACKET 02 | D17: MJAC270D-OC-45/45 | E17: 1 | F17: 1 | G17: ='WEIGHT CHART'!I16 -> 24.417568 | H17: =F17*G17 -> 24.417568
A18: 3 | B18: ASSY, SASH FR RR | D18: - | E18: - | F18: - | G18: - | H18: -
A19: 4 | B19: SASH FR RR | D19: MJSC270D-OC | E19: 0.8 | F19: 1 | G19: ='WEIGHT CHART'!I17 -> 180.88249 | H19: =F19*G19 -> 180.88249
A20: 4 | B20: BRACKET 03 | D20: MJAC270D-OC-45/45 | E20: 1 | F20: 1 | G20: ='WEIGHT CHART'!I18 -> 5.4721461 | H20: =F20*G20 -> 5.4721461
A21: 4 | B21: BRACKET 04 | D21: MJAC270D-OC-45/45 | E21: 1 | F21: 1 | G21: ='WEIGHT CHART'!I19 -> 6.1080508 | H21: =F21*G21 -> 6.1080508
A22: 3 | B22: ASSY, SASH FR RR LWR | D22: - | E22: - | F22: - | G22: - | H22: -
A23: 4 | B23: SASH FR RR LWR | D23: MJSC270D-OC | E23: 0.8 | F23: 1 | G23: ='WEIGHT CHART'!I20 -> 189.91018 | H23: =F23*G23 -> 189.91018
A24: 4 | B24: BRACKET 05 + M6 WELD NUT + M6 BOLT | D24: MJAC270D-OC-45/45 | E24: 1 | F24: 1 | G24: ='WEIGHT CHART'!I21 -> 16.781735 | H24: =F24*G24 -> 16.781735
A25: 4 | B25: BRACKET 06 + M6 WELD NUT + M6 BOLT | D25: MJAC270D-OC-45/45 | E25: 1 | F25: 1 | G25: ='WEIGHT CHART'!I22 -> 22.264858 | H25: =F25*G25 -> 22.264858
A26: 1 | B26: HINGE UPR | C26: NA | D26: SS | E26: 5 | F26: 1 | G26: 2500 | H26: =F26*G26 -> 2500
A27: 1 | B27: HINGE LWR | C27: NA | D27: SS | E27: 5 | F27: 1 | G27: 2500 | H27: =F27*G27 -> 2500
A28: 1 | B28: LATCH | C28: NA | D28: SS | E28: - | F28: 1 | G28: 500 | H28: =F28*G28 -> 500
A29: TOTAL WEIGHT | H29: =H4+H6+H7+H8+H9+H11+H12+H10+H13+H15+H16+H17+H19+H20+H21+H23+H24+H25 -> 14715.734
E30: This is a only BIW weight (14.7Kg) Hinge and Latch weight is not counted in Total weight

Sheet WEIGHT CHART
A2: FRONT DOOR AREA
A3: SR. NO. | B3: PART NAME | C3: DENSITY | D3: SURFACE AREA | E3: FACTOR | F3: THK | G3: FACTOR | H3: QTY. | I3: MASS
C4: (g/cm3) | D4: (cm2) | F4: (cm) | I4: (g)
A5: 1 | B5: ='BOM-DOOR'!B4 -> PANEL , OUTER | C5: 7.86 | D5: 11024.682 | E5: 0.95 | F5: 0.06 | G5: 0.98 | H5: 1 | I5: =C5*(D5*E5)*(F5*G5)*H5 -> 4840.4925
A6: 2 | B6: ='BOM-DOOR'!B6 -> PANEL, INNER | C6: 7.86 | D6: 11377.772 | E6: 0.95 | F6: 0.065 | G6: 0.98 | H6: 1 | I6: =C6*(D6*E6)*(F6*G6)*H6 -> 5411.8134
A7: 3 | B7: ='BOM-DOOR'!B7 -> REINFORCEMENT HINGE UPR | C7: 7.86 | D7: 405.015 | E7: 0.95 | F7: 0.1 | G7: 0.98 | H7: 1 | I7: =C7*(D7*E7)*(F7*G7)*H7 -> 296.37621
A8: 4 | B8: ='BOM-DOOR'!B8 -> REINFORCEMENT HINGE LWR | C8: 7.86 | D8: 171.587 | E8: 0.95 | F8: 0.1 | G8: 0.98 | H8: 1 | I8: =C8*(D8*E8)*(F8*G8)*H8 -> 125.56153
A9: 5 | B9: ='BOM-DOOR'!B9 -> REINFORCEMENT LATCH | C9: 7.86 | D9: 126.261 | E9: 0.95 | F9: 0.1 | G9: 0.98 | H9: 1 | I9: =C9*(D9*E9)*(F9*G9)*H9 -> 92.393507
A10: 6 | B10: ='BOM-DOOR'!B10 -> STIFFNER 1 | C10: 7.86 | D10: 1116.163 | E10: 0.95 | F10: 0.065 | G10: 0.98 | H10: 1 | I10: =C10*(D10*E10)*(F10*G10)*H10 -> 530.90059
A11: 7 | B11: ='BOM-DOOR'!B11 -> STIFFNER 2 | C11: 7.86 | D11: 1157.728 | E11: 0.95 | F11: 0.065 | G11: 0.98 | H11: 1 | I11: =C11*(D11*E11)*(F11*G11)*H11 -> 550.67089
A12: 8 | B12: ='BOM-DOOR'!B12 -> REINFORCEMENT BELTLINE | C12: 7.86 | D12: 1713.588 | E12: 0.95 | F12: 0.12 | G12: 0.98 | H12: 1 | I12: =C12*(D12*E12)*(F12*G12)*H12 -> 1504.7345
A13: 9 | B13: ='BOM-DOOR'!B13 -> REINFORCEMENT SILL | C13: 7.86 | D13: 712.321 | E13: 0.95 | F13: 0.12 | G13: 0.98 | H13: 1 | I13: =C13*(D13*E13)*(F13*G13)*H13 -> 625.50275
A14: 10 | B14: ='BOM-DOOR'!B15 -> SASH FR FR | C14: 7.86 | D14: 408.144 | E14: 1 | F14: 0.08 | G14: 1 | H14: 1 | I14: =C14*(D14*E14)*(F14*G14)*H14 -> 256.64095
A15: 11 | B15: ='BOM-DOOR'!B16 -> BRACKET 01 | C15: 7.86 | D15: 47.57 | E15: 0.95 | F15: 0.1 | G15: 0.98 | H15: 1 | I15: =C15*(D15*E15)*(F15*G15)*H15 -> 34.810109
A16: 12 | B16: ='BOM-DOOR'!B17 -> BRACKET 02 | C16: 7.86 | D16: 33.368 | E16: 0.95 | F16: 0.1 | G16: 0.98 | H16: 1 | I16: =C16*(D16*E16)*(F16*G16)*H16 -> 24.417568
A17: 13 | B17: ='BOM-DOOR'!B19 -> SASH FR RR | C17: 7.86 | D17: 287.663 | E17: 1 | F17: 0.08 | G17: 1 | H17: 1 | I17: =C17*(D17*E17)*(F17*G17)*H17 -> 180.88249
A18: 14 | B18: ='BOM-DOOR'!B20 -> BRACKET 03 | C18: 7.86 | D18: 7.478 | E18: 0.95 | F18: 0.1 | G18: 0.98 | H18: 1 | I18: =C18*(D18*E18)*(F18*G18)*H18 -> 5.4721461
A19: 15 | B19: ='BOM-DOOR'!B21 -> BRACKET 04 | C19: 7.86 | D19: 8.347 | E19: 0.95 | F19: 0.1 | G19: 0.98 | H19: 1 | I19: =C19*(D19*E19)*(F19*G19)*H19 -> 6.1080508
A20: 16 | B20: ='BOM-DOOR'!B23 -> SASH FR RR LWR | C20: 7.86 | D20: 302.02 | E20: 1 | F20: 0.08 | G20: 1 | H20: 1 | I20: =C20*(D20*E20)*(F20*G20)*H20 -> 189.91018
A21: 17 | B21: ='BOM-DOOR'!B24 -> BRACKET 05 + M6 WELD NUT + M6 BOLT | C21: 7.86 | D21: 19.182 | E21: 0.95 | F21: 0.1 | G21: 0.98 | H21: 1 | I21: =(C21*(D21*E21)*(F21*G21)*H21)+2.745 -> 16.781735
A22: 18 | B22: ='BOM-DOOR'!B25 -> BRACKET 06 + M6 WELD NUT + M6 BOLT | C22: 7.86 | D22: 26.675 | E22: 0.95 | F22: 0.1 | G22: 0.98 | H22: 1 | I22: =(C22*(D22*E22)*(F22*G22)*H22)+2.745 -> 22.264858
B24: NOTE :- ALL SASH CHANNEL ( 10,13,16 ) ARE EXTRUSION PARTS , EXCEPT ALL ARE DRAW PARTS
